A/R Aging Detail Report,,,,,,,
SKYNET,,,,,,,
"As of February 26, 2025",,,,,,,

,Date,Transaction type,Num,Customer full name,Due date,Category/Product/Service amount,Open balance
91 or more days past due,,,,,,,
,02/01/2020,Journal Entry,8,Hannah Schwartz,02/01/2020,"10,791.71","10,791.71"
,02/09/2020,Journal Entry,15,Henry Terry,02/09/2020,"31,104.25","31,104.25"
,02/20/2020,Journal Entry,10,Cassandra Lopez,02/20/2020,"48,204.59","48,204.59"
,02/24/2020,Journal Entry,1,Donna Thompson,02/24/2020,"45,149.08","45,149.08"
,02/24/2020,Journal Entry,17,Michelle Bridges,02/24/2020,"38,094.30","38,094.30"
,02/26/2020,Journal Entry,9,Renee Allen,02/26/2020,"48,687.56","48,687.56"
,02/27/2020,Journal Entry,11,Brittney Mcbride,02/27/2020,"42,316.49","42,316.49"
,02/28/2020,Journal Entry,16,Timothy Forbes MD,02/28/2020,"48,694.47","48,694.47"
,02/29/2020,Journal Entry,6,Hannah Schwartz,02/29/2020,"37,707.64","37,707.64"
,01/06/2021,Journal Entry,132,Calvin Diaz,01/06/2021,"36,848.40","36,848.40"
,01/13/2021,Journal Entry,134,Michael Salas,01/13/2021,"40,425.89","40,425.89"
,01/16/2021,Journal Entry,135,Derrick Cruz,01/16/2021,"35,691.51","35,691.51"
,01/17/2021,Journal Entry,133,Jose Adams,01/17/2021,"36,485.60","36,485.60"
,01/18/2021,Journal Entry,130,Amy Clark,01/18/2021,"36,438.51","36,438.51"
,01/28/2021,Journal Entry,131,Mary Barr,01/28/2021,"41,327.10","41,327.10"
,02/01/2021,Journal Entry,141,Amanda Chapman,02/01/2021,"39,740.36","39,740.36"
,02/03/2021,Journal Entry,140,Angela Swanson,02/03/2021,"43,565.91","43,565.91"
,02/03/2021,Journal Entry,143,Lisa Ross,02/03/2021,"41,402.51","41,402.51"
,02/05/2021,Journal Entry,139,Dillon Delacruz,02/05/2021,"41,187.28","41,187.28"
,02/07/2021,Journal Entry,144,Thomas Tran,02/07/2021,"46,204.54","46,204.54"
,02/18/2021,Journal Entry,145,Keith Williams,02/18/2021,"45,854.95","45,854.95"
,02/20/2021,Journal Entry,142,Timothy Forbes MD,02/20/2021,"42,184.20","42,184.20"
,03/16/2021,Journal Entry,154,Maurice Garcia,03/16/2021,"44,115.65","44,115.65"
,03/17/2021,Journal Entry,150,Andrea Peterson,03/17/2021,"50,084.59","50,084.59"
,03/19/2021,Journal Entry,152,Keith Williams,03/19/2021,"48,281.90","48,281.90"
,03/20/2021,Journal Entry,151,Dawn Edwards,03/20/2021,"45,568.36","45,568.36"
,03/20/2021,Journal Entry,156,April Mendez,03/20/2021,"50,201.40","50,201.40"
,03/23/2021,Journal Entry,153,Mallory Perez DVM,03/23/2021,"45,573.80","45,573.80"
,03/26/2021,Journal Entry,155,Katie Mitchell,03/26/2021,"52,103.31","52,103.31"
,04/05/2021,Journal Entry,162,Richard Beck,04/05/2021,"51,358.23","51,358.23"
,04/05/2021,Journal Entry,164,Lisa Dominguez,04/05/2021,"55,836.60","55,836.60"
,04/06/2021,Journal Entry,160,Andrew Johnson,04/06/2021,"56,115.50","56,115.50"
,04/13/2021,Journal Entry,166,Victoria Vega,04/13/2021,"48,853.39","48,853.39"
,04/19/2021,Journal Entry,163,Rodney Porter,04/19/2021,"47,560.52","47,560.52"
,04/21/2021,Journal Entry,165,Jessica Taylor,04/21/2021,"49,988.86","49,988.86"
,04/26/2021,Journal Entry,161,Jasmine Taylor,04/26/2021,"50,330.88","50,330.88"
,05/08/2021,Journal Entry,176,Alicia Banks,05/08/2021,"54,719.67","54,719.67"
,05/17/2021,Journal Entry,174,Rodney Porter,05/17/2021,"52,251.31","52,251.31"
,05/21/2021,Journal Entry,177,Jasmine Taylor,05/21/2021,"52,476.43","52,476.43"
,05/25/2021,Journal Entry,173,Lisa Dominguez,05/25/2021,"59,429.77","59,429.77"
,05/25/2021,Journal Entry,178,Rachael Mcbride,05/25/2021,"53,829.51","53,829.51"
,05/26/2021,Journal Entry,172,Jessica Robinson,05/26/2021,"61,230.46","61,230.46"
,05/27/2021,Journal Entry,175,Joseph Walker,05/27/2021,"58,675.40","58,675.40"
,06/01/2021,Journal Entry,184,Maurice Garcia,06/01/2021,"67,421.78","67,421.78"
,06/02/2021,Journal Entry,188,Katie Mitchell,06/02/2021,"56,859.07","56,859.07"
,06/11/2021,Journal Entry,186,Amanda Chapman,06/11/2021,"65,154.07","65,154.07"
,06/19/2021,Journal Entry,189,Dillon Delacruz,06/19/2021,"60,233.56","60,233.56"
,06/20/2021,Journal Entry,187,Anthony Davis,06/20/2021,"65,660.12","65,660.12"
,06/21/2021,Journal Entry,182,Jessica Taylor,06/21/2021,"62,379.42","62,379.42"
,06/23/2021,Journal Entry,185,Austin Murphy,06/23/2021,"60,918.84","60,918.84"
,06/25/2021,Journal Entry,183,Michael Salas,06/25/2021,"58,206.80","58,206.80"
,07/06/2021,Journal Entry,194,Sara Cruz,07/06/2021,"54,612.65","54,612.65"
,07/06/2021,Journal Entry,195,Michelle Bridges,07/06/2021,"51,826.86","51,826.86"
,07/14/2021,Journal Entry,197,Bryan Harrison,07/14/2021,"54,983.51","54,983.51"
,07/20/2021,Journal Entry,193,Stephanie Gross,07/20/2021,"57,976.12","57,976.12"
,07/26/2021,Journal Entry,199,Jessica Robinson,07/26/2021,"52,760.16","52,760.16"
,07/27/2021,Journal Entry,196,Jessica Robinson,07/27/2021,"54,493.46","54,493.46"
,07/28/2021,Journal Entry,198,William Dean,07/28/2021,"58,140.72","58,140.72"
,08/01/2021,Journal Entry,205,Julia Evans,08/01/2021,"54,814.13","54,814.13"
,08/03/2021,Journal Entry,208,Dr. David Haynes MD,08/03/2021,"55,236.87","55,236.87"
,08/11/2021,Journal Entry,206,Brittney Mcbride,08/11/2021,"58,363.27","58,363.27"
,08/14/2021,Journal Entry,209,Austin Murphy,08/14/2021,"63,303.18","63,303.18"
,08/15/2021,Journal Entry,210,Lisa Gordon DVM,08/15/2021,"63,846.25","63,846.25"
,08/18/2021,Journal Entry,207,Donna Clark,08/18/2021,"65,805.00","65,805.00"
,08/26/2021,Journal Entry,211,Gerald Hoover,08/26/2021,"54,205.40","54,205.40"
,09/05/2021,Journal Entry,221,Victoria Vega,09/05/2021,"59,933.43","59,933.43"
,09/08/2021,Journal Entry,215,Dr. David Haynes MD,09/08/2021,"64,467.87","64,467.87"
,09/12/2021,Journal Entry,219,Keith Williams,09/12/2021,"60,466.65","60,466.65"
,09/13/2021,Journal Entry,218,Amanda Chapman,09/13/2021,"60,412.63","60,412.63"
,09/17/2021,Journal Entry,222,Sheena Jones,09/17/2021,"68,115.88","68,115.88"
,09/22/2021,Journal Entry,217,Lisa Dominguez,09/22/2021,"65,112.74","65,112.74"
,09/22/2021,Journal Entry,220,Herbert Johnson,09/22/2021,"62,947.49","62,947.49"
,09/24/2021,Journal Entry,216,Rodney Porter,09/24/2021,"65,453.63","65,453.63"
,10/07/2021,Journal Entry,231,Jessica Taylor,10/07/2021,"72,636.12","72,636.12"
,10/09/2021,Journal Entry,227,Mr. Justin Goodman,10/09/2021,"70,589.31","70,589.31"
,10/10/2021,Journal Entry,226,Brittney Mcbride,10/10/2021,"76,588.45","76,588.45"
,10/13/2021,Journal Entry,230,Jeffrey Kim,10/13/2021,"70,019.33","70,019.33"
,10/13/2021,Journal Entry,233,Kenneth Mendoza,10/13/2021,"77,374.50","77,374.50"
,10/17/2021,Journal Entry,228,Mallory Perez DVM,10/17/2021,"66,369.09","66,369.09"
,10/24/2021,Journal Entry,232,Victoria Vega,10/24/2021,"69,780.08","69,780.08"
,10/28/2021,Journal Entry,229,Helen Kirk,10/28/2021,"72,786.28","72,786.28"
,11/01/2021,Journal Entry,245,James Stevenson,11/01/2021,"74,718.34","74,718.34"
,11/03/2021,Journal Entry,242,Mary Barr,11/03/2021,"78,440.27","78,440.27"
,11/09/2021,Journal Entry,240,Richard Gould,11/09/2021,"81,198.87","81,198.87"
,11/19/2021,Journal Entry,238,Michelle Bridges,11/19/2021,"74,334.66","74,334.66"
,11/22/2021,Journal Entry,241,Marc Moore,11/22/2021,"78,744.63","78,744.63"
,11/26/2021,Journal Entry,243,Daniel Nguyen,11/26/2021,"82,859.72","82,859.72"
,11/28/2021,Journal Entry,239,Donna Clark,11/28/2021,"82,310.11","82,310.11"
,11/28/2021,Journal Entry,244,Stephanie Gross,11/28/2021,"74,915.41","74,915.41"
,12/04/2021,Journal Entry,255,Henry Terry,12/04/2021,"87,024.24","87,024.24"
,12/08/2021,Journal Entry,250,James Stevenson,12/08/2021,"80,362.75","80,362.75"
,12/10/2021,Journal Entry,254,Leah Johnson,12/10/2021,"73,946.75","73,946.75"
,12/13/2021,Journal Entry,251,Lisa Dominguez,12/13/2021,"88,456.43","88,456.43"
,12/14/2021,Journal Entry,252,Andrew Gibson,12/14/2021,"79,055.44","79,055.44"
,12/15/2021,Journal Entry,253,Katelyn Sanchez,12/15/2021,"85,092.19","85,092.19"
,12/17/2021,Journal Entry,256,Donna Clark,12/17/2021,"76,183.20","76,183.20"
,12/19/2021,Journal Entry,257,Jonathan Ramirez,12/19/2021,"83,899.72","83,899.72"
,01/03/2022,Journal Entry,269,Rachael Mcbride,01/03/2022,"60,088.88","60,088.88"
,01/06/2022,Journal Entry,268,Eric Kim,01/06/2022,"58,818.91","58,818.91"
,01/10/2022,Journal Entry,264,Amy Clark,01/10/2022,"56,506.69","56,506.69"
,01/14/2022,Journal Entry,266,Jasmine Taylor,01/14/2022,"60,739.50","60,739.50"
,01/18/2022,Journal Entry,263,Jeffrey Kim,01/18/2022,"57,887.89","57,887.89"
,01/27/2022,Journal Entry,267,William James,01/27/2022,"52,978.77","52,978.77"
,01/28/2022,Journal Entry,265,Daniel Nguyen,01/28/2022,"58,879.99","58,879.99"
,02/01/2022,Journal Entry,277,Kim Brown,02/01/2022,"63,606.29","63,606.29"
,02/02/2022,Journal Entry,276,Andrew Green,02/02/2022,"59,798.06","59,798.06"
,02/09/2022,Journal Entry,282,Helen Kirk,02/09/2022,"60,129.04","60,129.04"
,02/14/2022,Journal Entry,281,Andrew Green,02/14/2022,"67,300.83","67,300.83"
,02/17/2022,Journal Entry,278,Sara Cruz,02/17/2022,"65,553.50","65,553.50"
,02/19/2022,Journal Entry,275,Bryan Harrison,02/19/2022,"62,476.02","62,476.02"
,02/21/2022,Journal Entry,279,Mr. Justin Goodman,02/21/2022,"64,409.51","64,409.51"
,02/27/2022,Journal Entry,280,Leah Johnson,02/27/2022,"56,588.81","56,588.81"
,03/01/2022,Journal Entry,293,Brenda Mason,03/01/2022,"61,637.53","61,637.53"
,03/08/2022,Journal Entry,291,Hannah Schwartz,03/08/2022,"72,999.08","72,999.08"
,03/17/2022,Journal Entry,290,Jessica Taylor,03/17/2022,"68,467.56","68,467.56"
,03/19/2022,Journal Entry,292,Samuel Singh,03/19/2022,"72,600.51","72,600.51"
,03/21/2022,Journal Entry,294,Jasmine Taylor,03/21/2022,"66,537.58","66,537.58"
,03/22/2022,Journal Entry,288,Brenda Mason,03/22/2022,"72,006.37","72,006.37"
,03/25/2022,Journal Entry,289,Joseph Walker,03/25/2022,"61,801.38","61,801.38"
,03/27/2022,Journal Entry,295,Michael Salas,03/27/2022,"68,034.62","68,034.62"
,04/02/2022,Journal Entry,301,Brittney Mcbride,04/02/2022,"77,274.91","77,274.91"
,04/03/2022,Journal Entry,305,Andrew Gibson,04/03/2022,"76,223.40","76,223.40"
,04/05/2022,Journal Entry,303,Donna Clark,04/05/2022,"69,039.36","69,039.36"
,04/06/2022,Journal Entry,306,Joseph Walker,04/06/2022,"67,824.65","67,824.65"
,04/07/2022,Journal Entry,304,Katelyn Sanchez,04/07/2022,"65,705.22","65,705.22"
,04/16/2022,Journal Entry,300,Susan Butler,04/16/2022,"74,233.40","74,233.40"
,04/19/2022,Journal Entry,302,Sara Cruz,04/19/2022,"71,440.87","71,440.87"
,04/20/2022,Journal Entry,307,Helen Kirk,04/20/2022,"73,252.77","73,252.77"
,05/02/2022,Journal Entry,318,Richard Beck,05/02/2022,"72,306.20","72,306.20"
,05/06/2022,Journal Entry,313,Jessica Taylor,05/06/2022,"74,904.89","74,904.89"
,05/06/2022,Journal Entry,316,Dawn Edwards,05/06/2022,"82,671.00","82,671.00"
,05/11/2022,Journal Entry,319,Angela Swanson,05/11/2022,"77,080.92","77,080.92"
,05/14/2022,Journal Entry,320,Lisa Ross,05/14/2022,"79,555.14","79,555.14"
,05/19/2022,Journal Entry,314,April Mendez,05/19/2022,"83,493.37","83,493.37"
,05/20/2022,Journal Entry,317,Jose Mason,05/20/2022,"80,449.56","80,449.56"
,05/27/2022,Journal Entry,315,Derrick Cruz,05/27/2022,"74,022.74","74,022.74"
,06/02/2022,Journal Entry,332,Andrew Green,06/02/2022,"77,546.76","77,546.76"
,06/10/2022,Journal Entry,330,Henry Terry,06/10/2022,"82,856.93","82,856.93"
,06/11/2022,Journal Entry,333,Andrew Johnson,06/11/2022,"86,629.47","86,629.47"
,06/13/2022,Journal Entry,329,Timothy Forbes MD,06/13/2022,"75,751.52","75,751.52"
,06/14/2022,Journal Entry,331,Herbert Johnson,06/14/2022,"86,630.19","86,630.19"
,06/15/2022,Journal Entry,326,Victoria Vega,06/15/2022,"89,097.58","89,097.58"
,06/19/2022,Journal Entry,327,Amanda Chapman,06/19/2022,"90,095.32","90,095.32"
,06/22/2022,Journal Entry,328,Sandra Dixon,06/22/2022,"80,951.18","80,951.18"
,07/02/2022,Journal Entry,344,Brittney Mcbride,07/02/2022,"72,804.63","72,804.63"
,07/07/2022,Journal Entry,342,Rodney Porter,07/07/2022,"74,058.28","74,058.28"
,07/15/2022,Journal Entry,339,Samuel Singh,07/15/2022,"65,365.91","65,365.91"
,07/19/2022,Journal Entry,345,Andrew Gibson,07/19/2022,"66,359.11","66,359.11"
,07/20/2022,Journal Entry,341,Cassandra Lopez,07/20/2022,"66,741.64","66,741.64"
,07/21/2022,Journal Entry,340,Kenneth Mendoza,07/21/2022,"68,766.19","68,766.19"
,07/24/2022,Journal Entry,346,Shawn Martinez,07/24/2022,"70,667.30","70,667.30"
,07/26/2022,Journal Entry,343,Richard Gould,07/26/2022,"70,810.49","70,810.49"
,08/02/2022,Journal Entry,354,Mary Barr,08/02/2022,"70,248.08","70,248.08"
,08/02/2022,Journal Entry,356,Rachael Mcbride,08/02/2022,"77,295.81","77,295.81"
,08/03/2022,Journal Entry,359,Susan Butler,08/03/2022,"77,076.33","77,076.33"
,08/04/2022,Journal Entry,353,Shawn Martinez,08/04/2022,"72,443.49","72,443.49"
,08/04/2022,Journal Entry,355,Lisa Taylor,08/04/2022,"66,023.36","66,023.36"
,08/05/2022,Journal Entry,357,Helen Kirk,08/05/2022,"69,576.54","69,576.54"
,08/08/2022,Journal Entry,358,Michelle Bridges,08/08/2022,"66,945.39","66,945.39"
,08/14/2022,Journal Entry,352,Jose Mason,08/14/2022,"73,642.76","73,642.76"
,09/08/2022,Journal Entry,365,Katie Mitchell,09/08/2022,"84,718.19","84,718.19"
,09/09/2022,Journal Entry,366,Samuel Singh,09/09/2022,"70,714.94","70,714.94"
,09/17/2022,Journal Entry,371,Renee Allen,09/17/2022,"82,944.52","82,944.52"
,09/20/2022,Journal Entry,369,Lisa Gordon DVM,09/20/2022,"77,471.79","77,471.79"
,09/21/2022,Journal Entry,364,Mr. Justin Goodman,09/21/2022,"70,381.91","70,381.91"
,09/21/2022,Journal Entry,368,Dawn Edwards,09/21/2022,"76,745.61","76,745.61"
,09/22/2022,Journal Entry,370,Shawn Martinez,09/22/2022,"74,444.31","74,444.31"
,09/28/2022,Journal Entry,367,Dawn Day,09/28/2022,"73,844.34","73,844.34"
,10/05/2022,Journal Entry,378,Jose Adams,10/05/2022,"81,682.93","81,682.93"
,10/08/2022,Journal Entry,380,Lisa Taylor,10/08/2022,"87,595.86","87,595.86"
,10/08/2022,Journal Entry,382,Andrew Green,10/08/2022,"76,868.07","76,868.07"
,10/09/2022,Journal Entry,379,Jessica Garcia,10/09/2022,"88,525.41","88,525.41"
,10/15/2022,Journal Entry,381,Gail Adams,10/15/2022,"80,165.09","80,165.09"
,10/19/2022,Journal Entry,377,Lisa Taylor,10/19/2022,"81,075.48","81,075.48"
,10/23/2022,Journal Entry,384,Kenneth Mendoza,10/23/2022,"88,752.28","88,752.28"
,10/26/2022,Journal Entry,383,Andrea Peterson,10/26/2022,"77,803.12","77,803.12"
,11/01/2022,Journal Entry,389,Thomas Tran,11/01/2022,"90,069.62","90,069.62"
,11/02/2022,Journal Entry,390,Kenneth Mendoza,11/02/2022,"96,727.51","96,727.51"
,11/06/2022,Journal Entry,394,Andrew Green,11/06/2022,"92,405.71","92,405.71"
,11/07/2022,Journal Entry,392,Dominique Davis,11/07/2022,"90,659.76","90,659.76"
,11/13/2022,Journal Entry,388,Timothy Forbes MD,11/13/2022,"94,785.39","94,785.39"
,11/18/2022,Journal Entry,393,Timothy Forbes MD,11/18/2022,"92,596.58","92,596.58"
,11/24/2022,Journal Entry,395,Michael Campbell,11/24/2022,"95,081.55","95,081.55"
,11/27/2022,Journal Entry,391,Lisa Ross,11/27/2022,"84,232.51","84,232.51"
,12/05/2022,Journal Entry,403,Maurice Garcia,12/05/2022,"100,030.48","100,030.48"
,12/07/2022,Journal Entry,400,April Mendez,12/07/2022,"98,422.87","98,422.87"
,12/14/2022,Journal Entry,401,Rachael Mcbride,12/14/2022,"102,434.88","102,434.88"
,12/16/2022,Journal Entry,407,Rodney Porter,12/16/2022,"86,544.39","86,544.39"
,12/20/2022,Journal Entry,402,April Mendez,12/20/2022,"99,382.39","99,382.39"
,12/20/2022,Journal Entry,405,Kelly Tran,12/20/2022,"103,668.83","103,668.83"
,12/21/2022,Journal Entry,406,Richard Beck,12/21/2022,"89,664.94","89,664.94"
,12/24/2022,Journal Entry,404,Gerald Hoover,12/24/2022,"101,132.36","101,132.36"
,01/09/2023,Journal Entry,417,Amanda Chapman,01/09/2023,"66,971.88","66,971.88"
,01/13/2023,Journal Entry,420,Jessica Garcia,01/13/2023,"68,477.77","68,477.77"
,01/14/2023,Journal Entry,419,Dominic Fowler,01/14/2023,"61,695.64","61,695.64"
,01/15/2023,Journal Entry,416,Charles Cole,01/15/2023,"68,787.02","68,787.02"
,01/18/2023,Journal Entry,414,Renee Allen,01/18/2023,"65,141.71","65,141.71"
,01/20/2023,Journal Entry,413,Dillon Delacruz,01/20/2023,"65,057.21","65,057.21"
,01/23/2023,Journal Entry,418,Jose Mason,01/23/2023,"63,564.86","63,564.86"
,01/26/2023,Journal Entry,415,Andrea Peterson,01/26/2023,"65,886.52","65,886.52"
,02/06/2023,Journal Entry,428,Elaine Green,02/06/2023,"62,405.02","62,405.02"
,02/08/2023,Journal Entry,432,Mr. Justin Goodman,02/08/2023,"72,135.18","72,135.18"
,02/08/2023,Journal Entry,433,Jasmine Taylor,02/08/2023,"71,866.67","71,866.67"
,02/09/2023,Journal Entry,427,Susan Butler,02/09/2023,"74,022.31","74,022.31"
,02/24/2023,Journal Entry,431,Austin Murphy,02/24/2023,"74,262.87","74,262.87"
,02/26/2023,Journal Entry,434,Helen Kirk,02/26/2023,"72,574.35","72,574.35"
,02/28/2023,Journal Entry,429,Shawn Martinez,02/28/2023,"62,134.58","62,134.58"
,02/28/2023,Journal Entry,430,Henry Terry,02/28/2023,"71,932.40","71,932.40"
,03/04/2023,Journal Entry,442,Dr. David Haynes MD,03/04/2023,"64,098.33","64,098.33"
,03/04/2023,Journal Entry,446,Dawn Day,03/04/2023,"63,498.34","63,498.34"
,03/06/2023,Journal Entry,444,Daniel Nguyen,03/06/2023,"66,352.82","66,352.82"
,03/07/2023,Journal Entry,441,Rachael Mcbride,03/07/2023,"71,248.43","71,248.43"
,03/10/2023,Journal Entry,440,Daniel Nguyen,03/10/2023,"73,637.04","73,637.04"
,03/11/2023,Journal Entry,443,Alicia Banks,03/11/2023,"63,406.09","63,406.09"
,03/11/2023,Journal Entry,447,Lisa Dominguez,03/11/2023,"69,663.20","69,663.20"
,03/28/2023,Journal Entry,445,Rodney Porter,03/28/2023,"74,402.69","74,402.69"
,04/01/2023,Journal Entry,456,Judith Gomez,04/01/2023,"71,596.95","71,596.95"
,04/09/2023,Journal Entry,458,Lisa Taylor,04/09/2023,"78,526.03","78,526.03"
,04/15/2023,Journal Entry,452,Helen Kirk,04/15/2023,"78,788.12","78,788.12"
,04/15/2023,Journal Entry,454,Mary Barr,04/15/2023,"78,850.86","78,850.86"
,04/23/2023,Journal Entry,453,Dr. David Haynes MD,04/23/2023,"65,804.91","65,804.91"
,04/27/2023,Journal Entry,451,Nicholas Martin,04/27/2023,"69,725.10","69,725.10"
,04/28/2023,Journal Entry,455,Eric Kim,04/28/2023,"72,362.38","72,362.38"
,04/28/2023,Journal Entry,457,Amy Clark,04/28/2023,"74,011.03","74,011.03"
,05/03/2023,Journal Entry,468,Dominic Fowler,05/03/2023,"65,524.45","65,524.45"
,05/06/2023,Journal Entry,465,Rachael Mcbride,05/06/2023,"71,810.57","71,810.57"
,05/10/2023,Journal Entry,463,Sandra Dixon,05/10/2023,"70,230.68","70,230.68"
,05/11/2023,Journal Entry,469,Victoria Vega,05/11/2023,"74,132.77","74,132.77"
,05/12/2023,Journal Entry,464,Sandra Dixon,05/12/2023,"68,224.57","68,224.57"
,05/12/2023,Journal Entry,470,Amy Clark,05/12/2023,"66,575.60","66,575.60"
,05/17/2023,Journal Entry,467,Rachael Mcbride,05/17/2023,"72,735.55","72,735.55"
,05/22/2023,Journal Entry,466,Rodney Porter,05/22/2023,"74,290.15","74,290.15"
,06/01/2023,Journal Entry,482,Andrew Gibson,06/01/2023,"75,010.14","75,010.14"
,06/03/2023,Journal Entry,477,Timothy Mccarthy,06/03/2023,"72,570.77","72,570.77"
,06/04/2023,Journal Entry,478,Jasmine Taylor,06/04/2023,"71,054.15","71,054.15"
,06/04/2023,Journal Entry,479,Gail Adams,06/04/2023,"76,735.18","76,735.18"
,06/08/2023,Journal Entry,483,Andrew Green,06/08/2023,"65,973.22","65,973.22"
,06/12/2023,Journal Entry,476,Dominic Fowler,06/12/2023,"69,313.72","69,313.72"
,06/21/2023,Journal Entry,481,Gail Adams,06/21/2023,"69,859.53","69,859.53"
,06/25/2023,Journal Entry,480,Daniel Nguyen,06/25/2023,"63,502.97","63,502.97"
,07/10/2023,Journal Entry,487,Marc Moore,07/10/2023,"57,562.43","57,562.43"
,07/10/2023,Journal Entry,490,Andrea Peterson,07/10/2023,"56,022.98","56,022.98"
,07/12/2023,Journal Entry,489,Cassandra Lopez,07/12/2023,"57,712.89","57,712.89"
,07/14/2023,Journal Entry,492,Eric Kim,07/14/2023,"60,447.67","60,447.67"
,07/16/2023,Journal Entry,491,Timothy Mccarthy,07/16/2023,"59,295.73","59,295.73"
,07/23/2023,Journal Entry,488,Alicia Banks,07/23/2023,"58,257.96","58,257.96"
,07/27/2023,Journal Entry,493,Jose Adams,07/27/2023,"51,341.10","51,341.10"
,08/07/2023,Journal Entry,498,Richard Beck,08/07/2023,"56,469.25","56,469.25"
,08/10/2023,Journal Entry,504,Anthony Davis,08/10/2023,"59,256.45","59,256.45"
,08/14/2023,Journal Entry,503,Jeffrey Kim,08/14/2023,"56,137.22","56,137.22"
,08/23/2023,Journal Entry,501,Jessica Robinson,08/23/2023,"56,444.99","56,444.99"
,08/24/2023,Journal Entry,500,Rodney Porter,08/24/2023,"53,995.54","53,995.54"
,08/24/2023,Journal Entry,502,Cassandra Lopez,08/24/2023,"54,923.14","54,923.14"
,08/27/2023,Journal Entry,499,Maurice Garcia,08/27/2023,"53,415.87","53,415.87"
,09/02/2023,Journal Entry,511,Timothy Mccarthy,09/02/2023,"59,507.85","59,507.85"
,09/03/2023,Journal Entry,512,Jessica Robinson,09/03/2023,"57,867.49","57,867.49"
,09/16/2023,Journal Entry,513,Maurice Garcia,09/16/2023,"56,921.23","56,921.23"
,09/19/2023,Journal Entry,510,Marc Moore,09/19/2023,"55,696.29","55,696.29"
,09/21/2023,Journal Entry,509,Dillon Delacruz,09/21/2023,"58,821.65","58,821.65"
,09/26/2023,Journal Entry,515,Anthony Davis,09/26/2023,"56,810.43","56,810.43"
,09/28/2023,Journal Entry,514,Calvin Diaz,09/28/2023,"54,628.24","54,628.24"
,10/01/2023,Journal Entry,520,Helen Kirk,10/01/2023,"57,486.19","57,486.19"
,10/06/2023,Journal Entry,524,Rachael Mcbride,10/06/2023,"56,291.39","56,291.39"
,10/07/2023,Journal Entry,519,Jessica Robinson,10/07/2023,"54,253.12","54,253.12"
,10/09/2023,Journal Entry,522,Nicholas Martin,10/09/2023,"57,865.33","57,865.33"
,10/16/2023,Journal Entry,523,April Mendez,10/16/2023,"51,428.82","51,428.82"
,10/24/2023,Journal Entry,525,Bryan Harrison,10/24/2023,"53,689.74","53,689.74"
,10/27/2023,Journal Entry,521,Hannah Schwartz,10/27/2023,"51,043.03","51,043.03"
,11/03/2023,Journal Entry,536,Samuel Singh,11/03/2023,"60,283.81","60,283.81"
,11/09/2023,Journal Entry,531,Amanda Chapman,11/09/2023,"53,857.66","53,857.66"
,11/12/2023,Journal Entry,535,Leah Johnson,11/12/2023,"55,934.56","55,934.56"
,11/14/2023,Journal Entry,532,Andrew Johnson,11/14/2023,"56,561.11","56,561.11"
,11/16/2023,Journal Entry,537,Jessica Robinson,11/16/2023,"55,077.54","55,077.54"
,11/17/2023,Journal Entry,534,Jasmine Taylor,11/17/2023,"58,513.21","58,513.21"
,11/24/2023,Journal Entry,533,Susan Butler,11/24/2023,"57,302.53","57,302.53"
,12/01/2023,Journal Entry,547,Andrew Green,12/01/2023,"53,461.91","53,461.91"
,12/06/2023,Journal Entry,548,Andrew Green,12/06/2023,"57,404.70","57,404.70"
,12/15/2023,Journal Entry,543,Elaine Green,12/15/2023,"55,369.10","55,369.10"
,12/15/2023,Journal Entry,546,Sandra Garrison,12/15/2023,"58,005.68","58,005.68"
,12/20/2023,Journal Entry,545,Katie Mitchell,12/20/2023,"53,904.80","53,904.80"
,12/24/2023,Journal Entry,544,Chase Rubio,12/24/2023,"60,666.53","60,666.53"
,12/24/2023,Journal Entry,549,Dawn Day,12/24/2023,"52,454.24","52,454.24"
,01/06/2024,Journal Entry,555,Michael Rangel,01/06/2024,"42,063.46","42,063.46"
,01/09/2024,Journal Entry,559,Anthony Davis,01/09/2024,"37,339.33","37,339.33"
,01/15/2024,Journal Entry,554,Brittney Mcbride,01/15/2024,"38,557.80","38,557.80"
,01/24/2024,Journal Entry,558,Rachael Mcbride,01/24/2024,"41,721.33","41,721.33"
,01/26/2024,Journal Entry,553,Dawn Day,01/26/2024,"42,452.73","42,452.73"
,01/26/2024,Journal Entry,557,Dr. David Haynes MD,01/26/2024,"39,819.95","39,819.95"
,01/28/2024,Journal Entry,556,Charles Price,01/28/2024,"39,142.75","39,142.75"
,02/05/2024,Journal Entry,568,Helen Kirk,02/05/2024,"49,091.55","49,091.55"
,02/07/2024,Journal Entry,567,Jessica Robinson,02/07/2024,"42,436.02","42,436.02"
,02/08/2024,Journal Entry,569,Julie Melendez,02/08/2024,"47,816.34","47,816.34"
,02/13/2024,Journal Entry,572,Julie Melendez,02/13/2024,"42,282.52","42,282.52"
,02/19/2024,Journal Entry,571,Gail Adams,02/19/2024,"43,804.76","43,804.76"
,02/22/2024,Journal Entry,570,Charles Cole,02/22/2024,"48,894.40","48,894.40"
,02/25/2024,Journal Entry,566,Jeffrey Kim,02/25/2024,"48,447.07","48,447.07"
,03/04/2024,Journal Entry,582,Sandra Garrison,03/04/2024,"51,319.65","51,319.65"
,03/06/2024,Journal Entry,578,Dr. David Haynes MD,03/06/2024,"44,496.46","44,496.46"
,03/12/2024,Journal Entry,581,Nicholas Martin,03/12/2024,"52,244.51","52,244.51"
,03/15/2024,Journal Entry,580,Amanda Chapman,03/15/2024,"44,508.84","44,508.84"
,03/16/2024,Journal Entry,579,Jose Adams,03/16/2024,"50,499.37","50,499.37"
,03/16/2024,Journal Entry,583,James Stevenson,03/16/2024,"48,199.64","48,199.64"
,03/26/2024,Journal Entry,584,Jessica Robinson,03/26/2024,"50,050.29","50,050.29"
,04/06/2024,Journal Entry,592,Lisa Dominguez,04/06/2024,"50,853.51","50,853.51"
,04/08/2024,Journal Entry,593,Andrea Peterson,04/08/2024,"50,894.80","50,894.80"
,04/09/2024,Journal Entry,594,Julie Melendez,04/09/2024,"55,987.90","55,987.90"
,04/18/2024,Journal Entry,591,Jeffrey Kim,04/18/2024,"49,925.39","49,925.39"
,04/19/2024,Journal Entry,596,Rachael Mcbride,04/19/2024,"49,117.41","49,117.41"
,04/25/2024,Journal Entry,595,Bryan Harrison,04/25/2024,"56,878.75","56,878.75"
,04/28/2024,Journal Entry,590,Chase Rubio,04/28/2024,"52,710.04","52,710.04"
,05/04/2024,Journal Entry,604,Timothy Hardy,05/04/2024,"61,887.37","61,887.37"
,05/06/2024,Journal Entry,607,Dawn Day,05/06/2024,"61,107.18","61,107.18"
,05/09/2024,Journal Entry,602,Sandra Dixon,05/09/2024,"62,490.27","62,490.27"
,05/10/2024,Journal Entry,606,Elaine Green,05/10/2024,"59,877.26","59,877.26"
,05/18/2024,Journal Entry,603,Timothy Mccarthy,05/18/2024,"54,447.34","54,447.34"
,05/21/2024,Journal Entry,605,Judith Gomez,05/21/2024,"63,289.24","63,289.24"
,05/22/2024,Journal Entry,601,Jessica Robinson,05/22/2024,"58,587.03","58,587.03"
,06/02/2024,Journal Entry,614,Mary Barr,06/02/2024,"64,604.12","64,604.12"
,06/03/2024,Journal Entry,615,Mallory Perez DVM,06/03/2024,"60,864.72","60,864.72"
,06/05/2024,Journal Entry,611,Gail Adams,06/05/2024,"64,167.44","64,167.44"
,06/11/2024,Journal Entry,612,Renee Allen,06/11/2024,"58,742.40","58,742.40"
,06/17/2024,Journal Entry,618,Leah Johnson,06/17/2024,"57,577.81","57,577.81"
,06/19/2024,Journal Entry,613,Maurice Garcia,06/19/2024,"70,048.39","70,048.39"
,06/22/2024,Journal Entry,616,Michael Salas,06/22/2024,"68,743.09","68,743.09"
,06/26/2024,Journal Entry,617,Dominic Fowler,06/26/2024,"65,707.52","65,707.52"
,07/02/2024,Journal Entry,628,Brittney Mcbride,07/02/2024,"57,672.56","57,672.56"
,07/13/2024,Journal Entry,623,Michael Rangel,07/13/2024,"52,374.11","52,374.11"
,07/13/2024,Journal Entry,626,Brittney Mcbride,07/13/2024,"53,249.72","53,249.72"
,07/14/2024,Journal Entry,625,Jasmine Taylor,07/14/2024,"55,563.39","55,563.39"
,07/19/2024,Journal Entry,622,William James,07/19/2024,"55,952.89","55,952.89"
,07/26/2024,Journal Entry,627,Mr. Justin Goodman,07/26/2024,"52,081.48","52,081.48"
,07/28/2024,Journal Entry,624,Lisa Gordon DVM,07/28/2024,"59,839.58","59,839.58"
,08/05/2024,Journal Entry,640,Anthony Davis,08/05/2024,"58,884.37","58,884.37"
,08/07/2024,Journal Entry,636,Kenneth Mendoza,08/07/2024,"57,488.51","57,488.51"
,08/08/2024,Journal Entry,638,Peter Hicks,08/08/2024,"62,062.32","62,062.32"
,08/10/2024,Journal Entry,639,Andrea Peterson,08/10/2024,"67,066.80","67,066.80"
,08/19/2024,Journal Entry,641,Sara Cruz,08/19/2024,"55,949.27","55,949.27"
,08/21/2024,Journal Entry,635,Sandra Dixon,08/21/2024,"56,941.41","56,941.41"
,08/27/2024,Journal Entry,634,Sheena Jones,08/27/2024,"57,800.75","57,800.75"
,08/27/2024,Journal Entry,637,James Stevenson,08/27/2024,"63,947.43","63,947.43"
,09/02/2024,Journal Entry,652,Kristi Baker,09/02/2024,"64,571.68","64,571.68"
,09/05/2024,Journal Entry,647,William James,09/05/2024,"68,750.37","68,750.37"
,09/05/2024,Journal Entry,649,Derrick Cruz,09/05/2024,"71,786.61","71,786.61"
,09/08/2024,Journal Entry,654,Dawn Day,09/08/2024,"60,796.14","60,796.14"
,09/15/2024,Journal Entry,653,Kristi Baker,09/15/2024,"62,438.84","62,438.84"
,09/16/2024,Journal Entry,648,Andrea Peterson,09/16/2024,"73,773.19","73,773.19"
,09/20/2024,Journal Entry,651,Helen Kirk,09/20/2024,"63,355.85","63,355.85"
,09/27/2024,Journal Entry,650,Richard Beck,09/27/2024,"61,805.80","61,805.80"
,10/02/2024,Journal Entry,664,Peter Hicks,10/02/2024,"65,401.33","65,401.33"
,10/03/2024,Journal Entry,661,Dominic Fowler,10/03/2024,"74,142.28","74,142.28"
,10/03/2024,Journal Entry,665,Thomas Tran,10/03/2024,"77,067.73","77,067.73"
,10/04/2024,Journal Entry,9,Nicholas Martin,10/04/2024,"31,087.13","31,087.13"
,10/04/2024,Journal Entry,9,Nicholas Martin,10/04/2024,"-31,087.13","-31,087.13"
,10/05/2024,Journal Entry,663,Jasmine Taylor,10/05/2024,"69,815.97","69,815.97"
,10/09/2024,Journal Entry,660,Michael Campbell,10/09/2024,"74,126.82","74,126.82"
,10/14/2024,Journal Entry,662,Timothy Mccarthy,10/14/2024,"74,411.55","74,411.55"
,10/23/2024,Journal Entry,659,Dawn Day,10/23/2024,"79,083.96","79,083.96"
,10/26/2024,Journal Entry,666,Daniel Nguyen,10/26/2024,"66,881.92","66,881.92"
,11/01/2024,Journal Entry,677,Rachael Mcbride,11/01/2024,"79,330.11","79,330.11"
,11/02/2024,Journal Entry,678,Richard Gould,11/02/2024,"85,043.43","85,043.43"
,11/06/2024,Journal Entry,673,Samuel Singh,11/06/2024,"71,716.98","71,716.98"
,11/06/2024,Journal Entry,675,Dominic Fowler,11/06/2024,"78,076.49","78,076.49"
,11/08/2024,Journal Entry,671,Alicia Banks,11/08/2024,"76,082.30","76,082.30"
,11/11/2024,Journal Entry,674,Austin Murphy,11/11/2024,"80,659.40","80,659.40"
,11/16/2024,Journal Entry,676,Andrew Johnson,11/16/2024,"71,964.65","71,964.65"
,11/22/2024,Journal Entry,672,Sara Cruz,11/22/2024,"73,409.26","73,409.26"
Total for 91 or more days past due,,,,,,"$23,415,662.17","$23,415,662.17"
61 - 90 days past due,,,,,,,
,11/29/2024,Invoice,75312299,Timothy Mccarthy,11/29/2024,"128,939.83","128,939.83"
,12/02/2024,Journal Entry,689,Jeffrey Kim,12/02/2024,"76,051.58","76,051.58"
,12/03/2024,Journal Entry,691,Richard Gould,12/03/2024,"85,811.61","85,811.61"
,12/04/2024,Invoice,71244449,Kelly Tran,12/04/2024,"123,837.52","123,837.52"
,12/06/2024,Invoice,90533945,Julia Evans,12/06/2024,"83,264.08","83,264.08"
,12/11/2024,Journal Entry,685,Donna Thompson,12/11/2024,"85,421.49","85,421.49"
,12/13/2024,Journal Entry,684,Charles Price,12/13/2024,"84,575.84","84,575.84"
,12/13/2024,Journal Entry,687,Dawn Day,12/13/2024,"86,617.23","86,617.23"
,12/15/2024,Invoice,93841196,Sara Cruz,12/15/2024,"112,385.53","112,385.53"
,12/15/2024,Journal Entry,686,Lisa Dominguez,12/15/2024,"81,204.28","81,204.28"
,12/16/2024,Journal Entry,688,Dominic Fowler,12/16/2024,"84,674.45","84,674.45"
,12/18/2024,Journal Entry,690,Daniel Nguyen,12/18/2024,"80,365.51","80,365.51"
,12/22/2024,Invoice,54869476,Mary Barr,12/22/2024,"128,490.68","128,490.68"
,12/25/2024,Invoice,38286160,Michael Salas,12/25/2024,"32,069.63","32,069.63"
Total for 61 - 90 days past due,,,,,,"$1,273,709.26","$1,273,709.26"
31 - 60 days past due,,,,,,,
,01/05/2025,Journal Entry,699,Kathryn Clark,01/05/2025,"64,586.94","64,586.94"
,01/08/2025,Invoice,45918890,Richard Gould,01/08/2025,"85,543.29","85,543.29"
,01/10/2025,Journal Entry,702,Jessica Taylor,01/10/2025,"59,714.54","59,714.54"
,01/11/2025,Invoice,94141038,Lisa Dominguez,01/11/2025,"70,631.81","70,631.81"
,01/16/2025,Invoice,44698390,Lisa Taylor,01/16/2025,"93,232.99","93,232.99"
,01/17/2025,Invoice,50639657,Michelle Bridges,01/17/2025,"129,831.29","129,831.29"
,01/20/2025,Journal Entry,698,Dominic Fowler,01/20/2025,"56,621.33","56,621.33"
,01/21/2025,Invoice,96588064,Sandra Garrison,01/21/2025,"95,262.01","95,262.01"
,01/21/2025,Journal Entry,701,Kelly Tran,01/21/2025,"63,037.96","63,037.96"
,01/23/2025,Journal Entry,695,Calvin Diaz,01/23/2025,"56,547.73","56,547.73"
,01/23/2025,Journal Entry,696,Helen Kirk,01/23/2025,"61,385.56","61,385.56"
,01/26/2025,Invoice,47426589,Jasmine Taylor,01/26/2025,"60,171.18","60,171.18"
,01/26/2025,Journal Entry,697,Rodney Porter,01/26/2025,"57,233.41","57,233.41"
Total for 31 - 60 days past due,,,,,,"$953,800.04","$953,800.04"
1 - 30 days past due,,,,,,,
,01/27/2025,Journal Entry,700,Donna Thompson,01/27/2025,"62,429.61","62,429.61"
,02/02/2025,Journal Entry,710,Herbert Johnson,02/02/2025,"66,733.28","66,733.28"
,02/04/2025,Journal Entry,707,Hannah Schwartz,02/04/2025,"69,224.35","69,224.35"
,02/05/2025,Journal Entry,708,Eric Kim,02/05/2025,"63,283.92","63,283.92"
,02/06/2025,Invoice,38364585,Jessica Garcia,02/06/2025,"85,506.70","85,506.70"
,02/06/2025,Journal Entry,706,Bryan Harrison,02/06/2025,"63,891.13","63,891.13"
,02/11/2025,Journal Entry,713,Keith Williams,02/11/2025,"72,654.02","72,654.02"
,02/12/2025,Journal Entry,709,Lisa Gordon DVM,02/12/2025,"72,114.17","72,114.17"
,02/14/2025,Invoice,41509085,Dr. David Haynes MD,02/14/2025,"149,446.59","149,446.59"
,02/15/2025,Invoice,22645766,Brenda Mason,02/15/2025,"85,526.13","85,526.13"
,02/22/2025,Journal Entry,712,Dawn Day,02/22/2025,"65,904.84","65,904.84"
Total for 1 - 30 days past due,,,,,,"$856,714.74","$856,714.74"
,TOTAL,,,,,"$26,499,886.21","$26,499,886.21"



"Accrual Basis Wednesday, February 26, 2025 03:33 PM GMTZ",,,,,,,
