Name,Company,Email,Phone,Mobile,Fax,Website,Street,City,State,ZIP,Country,Date
David Jones,NeuralCore Systems,davidjones@cloud.com,(885) 618-7862,(582) 630-1817,(489) 542-8221,https://neuralcoresystems.solutions,1390 Silicon Blvd,Nashville,FL,20672,United States,2023-10-26
Sarah Rodriguez,Quantum Data Services,sarahrodriguez@cloud.com,(224) 163-4241,(354) 956-4760,(754) 275-9959,https://quantumdataservices.security,3781 Quantum Way,Chicago,CA,49365,United States,2015-07-15
Robert Brown,AI Compute Solutions,robertbrown@security.com,(670) 580-9715,(597) 847-5786,(672) 908-9771,https://aicomputesolutions.corp,3619 Innovation Ave,Denver,CO,61149,United States,2016-08-14
James Davis,CyberDyne Hardware,jamesdavis@data.com,(861) 278-3324,(788) 592-5368,(426) 397-1693,https://cyberdynehardware.net,8581 AI Street,Chicago,TN,99486,United States,2016-04-25
David Smith,Nexus Infrastructure,davidsmith@labs.com,(719) 891-9274,(875) 279-3174,(571) 571-9010,https://nexusinfrastructure.solutions,4234 AI Street,Phoenix,TX,70994,United States,2020-11-25
John Jones,Sentient Power Corp,johnjones@systems.com,(934) 347-7613,(719) 112-9083,(433) 122-3651,https://sentientpowercorp.net,1454 Quantum Way,Chicago,FL,35509,United States,2015-10-19
Michael Johnson,Singularity Cloud Hosting,michaeljohnson@corp.com,(959) 261-3185,(737) 885-9197,(650) 987-9140,https://singularitycloudhosting.tech,7217 Innovation Ave,San Francisco,NY,57494,United States,2021-05-22
Isabella Wilson,OmniSecurity Solutions,isabellawilson@systems.com,(570) 716-7137,(706) 681-3092,(350) 389-2986,https://omnisecuritysolutions.tech,967 Silicon Blvd,Charlotte,WA,48272,United States,2016-01-16
Emily Jones,Voidware Analytics,emilyjones@cloud.com,(680) 336-3305,(914) 554-3366,(424) 380-3039,https://voidwareanalytics.corp,7753 Neural Road,New York,TX,57695,United States,2024-05-07
Sarah Brown,EchoTech Networks,sarahbrown@labs.com,(964) 733-9068,(601) 246-1255,(229) 605-4028,https://echotechnetworks.cloud,8884 Innovation Ave,Chicago,TX,22478,United States,2023-02-07
Isabella Wilson,HyperCompute Tech,isabellawilson@ai.com,(314) 933-6447,(876) 927-6997,(968) 353-8405,https://hypercomputetech.security,508 Innovation Ave,Chicago,MA,50417,United States,2019-07-24
Sarah Jones,Infinity Logistics,sarahjones@cloud.com,(887) 870-9424,(919) 285-4237,(396) 912-7152,https://infinitylogistics.tech,5758 Neural Road,Miami,TN,51149,United States,2015-02-08
Sarah Williams,FutureLabs Research,sarahwilliams@tech.com,(993) 361-1635,(714) 602-8009,(361) 380-9070,https://futurelabsresearch.net,3084 Quantum Way,New York,CA,76391,United States,2020-01-03
Sarah Johnson,SkyNet AI Systems,sarahjohnson@ai.com,(452) 102-7553,(790) 764-4279,(646) 749-9032,https://skynetaisystems.tech,2228 Tech Drive,Miami,CO,52072,United States,2018-10-19
Sophia Martinez,Nova Compute Services,sophiamartinez@security.com,(319) 851-3441,(634) 377-5992,(478) 440-6929,https://novacomputeservices.ai,7398 Silicon Blvd,Nashville,IL,72031,United States,2021-03-16
Sarah Williams,Titan Data Centers,sarahwilliams@solutions.com,(991) 449-1328,(987) 394-1539,(441) 526-2004,https://titandatacenters.systems,7441 Innovation Ave,Austin,NY,13691,United States,2019-04-14
James Wilson,Omega Robotics,jameswilson@cloud.com,(480) 232-7044,(575) 817-4214,(737) 281-5295,https://omegarobotics.labs,9488 Quantum Way,Charlotte,NC,49656,United States,2018-04-11
Robert Wilson,Quantum Nexus,robertwilson@ai.com,(836) 265-5645,(266) 513-7445,(908) 284-4116,https://quantumnexus.net,1025 Silicon Blvd,Austin,CA,38382,United States,2016-01-14
Emma Martinez,Adaptive Cloud Networks,emmamartinez@corp.com,(870) 964-7674,(484) 827-2901,(980) 806-5833,https://adaptivecloudnetworks.cloud,2586 Tech Drive,Charlotte,CO,74531,United States,2020-05-12
Sophia Brown,Cybernetic Innovations,sophiabrown@labs.com,(321) 727-3977,(738) 154-4672,(802) 843-5851,https://cyberneticinnovations.solutions,9823 Innovation Ave,Denver,NC,57239,United States,2019-01-06
